74,76,,,,,,,,,,
74,74,,,,,,,,,,
74,76,,,,,,,,,,
74,70,,,,,,,,,,
74,78,,,,,,,,,,
74,82,,,,,,,,,,
74,72,,,,,,,,,,
74,76,,,,,,,,,,
74,74,,,,,,,,,,
74,72,,,,,,,,,,
74,70,,,,,,,,,,
74,80,,,,,,,,,,
74,82,,,,,,,,,,
74,86,,,,,,,,,,
74,88,,,,,,,,,,
74,86,,,,,,,,,,
74,82,,,,,,,,,,
74,82,,,,,,,,,,
74,80,,,,,,,,,,
74,84,,,,,,,,,,
74,86,,,,,,,,,,
74,90,,,,,,,,,,
74,88,,,,,,,,,,
74,86,,,,,,,,,,
74,86,,,,,,,,,,
74,82,,,,,,,,,,
74,80,,,,,,,,,,
74,78,,,,,,,,,,
74,84,,,,,,,,,,
74,82,,,,,,,,,,
74,88,,,,,,,,,,
74,82,,,,,,,,,,
74,84,,,,,,,,,,
80,76,,,,,,,,,,
80,78,,,,,,,,,,
80,80,,,,,,,,,,
80,85,,,,,,,,,,
80,81,,,,,,,,,,
80,75,,,,,,,,,,
80,77,,,,,,,,,,
80,75,,,,,,,,,,
80,78,,,,,,,,,,
80,87,,,,,,,,,,
80,78,,,,,,,,,,
80,79,,,,,,,,,,
80,76,,,,,,,,,,
80,77,,,,,,,,,,
80,74,,,,,,,,,,
80,84,,,,,,,,,,
80,81,,,,,,,,,,
80,72,,,,,,,,,,
80,78,,,,,,,,,,
80,81,,,,,,,,,,
80,77,,,,,,,,,,
80,86,,,,,,,,,,
80,79,,,,,,,,,,
80,77,,,,,,,,,,
80,79,,,,,,,,,,
80,82,,,,,,,,,,
80,77,,,,,,,,,,
80,88,,,,,,,,,,
80,77,,,,,,,,,,
80,80,,,,,,,,,,
80,76,,,,,,,,,,
80,77,,,,,,,,,,
80,79,,,,,,,,,,
80,85,,,,,,,,,,
80,82,,,,,,,,,,
80,75,,,,,,,,,,
80,77,,,,,,,,,,
80,82,,,,,,,,,,
80,82,,,,,,,,,,
80,83,,,,,,,,,,
80,77,,,,,,,,,,
80,72,,,,,,,,,,
63,80,,,,,,,,,,
63,93,,,,,,,,,,
63,82,,,,,,,,,,
63,92,,,,,,,,,,
63,90,,,,,,,,,,
63,89,,,,,,,,,,
63,85,,,,,,,,,,
63,86,,,,,,,,,,
63,82,,,,,,,,,,
63,78,,,,,,,,,,
63,95,,,,,,,,,,
63,80,,,,,,,,,,
63,90,,,,,,,,,,
63,93,,,,,,,,,,
63,90,,,,,,,,,,
63,88,,,,,,,,,,
63,82,,,,,,,,,,
63,80,,,,,,,,,,
63,81,,,,,,,,,,
63,92,,,,,,,,,,
63,85,,,,,,,,,,
63,91,,,,,,,,,,
63,91,,,,,,,,,,
63,89,,,,,,,,,,
63,82,,,,,,,,,,
63,88,,,,,,,,,,
63,81,,,,,,,,,,
63,80,,,,,,,,,,
63,91,,,,,,,,,,
63,82,,,,,,,,,,
63,95,,,,,,,,,,
63,94,,,,,,,,,,
63,88,,,,,,,,,,
63,83,,,,,,,,,,
63,85,,,,,,,,,,
63,83,,,,,,,,,,
63,80,,,,,,,,,,
63,92,,,,,,,,,,
63,81,,,,,,,,,,
63,96,,,,,,,,,,
63,90,,,,,,,,,,
63,88,,,,,,,,,,
63,84,,,,,,,,,,
63,86,,,,,,,,,,
63,83,,,,,,,,,,
82,64,,,,,,,,,,
82,68,,,,,,,,,,
82,72,,,,,,,,,,
82,68,,,,,,,,,,
82,72,,,,,,,,,,
82,72,,,,,,,,,,
82,68,,,,,,,,,,
82,76,,,,,,,,,,
82,60,,,,,,,,,,
82,72,,,,,,,,,,
82,68,,,,,,,,,,
82,76,,,,,,,,,,
82,72,,,,,,,,,,
82,68,,,,,,,,,,
82,68,,,,,,,,,,
82,72,,,,,,,,,,
82,72,,,,,,,,,,
82,72,,,,,,,,,,
82,72,,,,,,,,,,
82,68,,,,,,,,,,
82,72,,,,,,,,,,
82,68,,,,,,,,,,
82,76,,,,,,,,,,
82,72,,,,,,,,,,
82,64,,,,,,,,,,
82,68,,,,,,,,,,
82,72,,,,,,,,,,
82,72,,,,,,,,,,
82,72,,,,,,,,,,
82,68,,,,,,,,,,
82,72,,,,,,,,,,
82,72,,,,,,,,,,
82,72,,,,,,,,,,
82,64,,,,,,,,,,
82,68,,,,,,,,,,
82,72,,,,,,,,,,
82,76,,,,,,,,,,
75,68,,,,,,,,,,
75,72,,,,,,,,,,
75,72,,,,,,,,,,
75,72,,,,,,,,,,
75,76,,,,,,,,,,
75,72,,,,,,,,,,
75,64,,,,,,,,,,
75,72,,,,,,,,,,
75,68,,,,,,,,,,
75,76,,,,,,,,,,
75,72,,,,,,,,,,
75,68,,,,,,,,,,
75,68,,,,,,,,,,
75,76,,,,,,,,,,
75,72,,,,,,,,,,
75,72,,,,,,,,,,
75,68,,,,,,,,,,
75,68,,,,,,,,,,
75,72,,,,,,,,,,
75,72,,,,,,,,,,
75,72,,,,,,,,,,
75,76,,,,,,,,,,
75,64,,,,,,,,,,
75,72,,,,,,,,,,
75,72,,,,,,,,,,
75,72,,,,,,,,,,
75,72,,,,,,,,,,
75,68,,,,,,,,,,
75,72,,,,,,,,,,
75,72,,,,,,,,,,
75,76,,,,,,,,,,
75,60,,,,,,,,,,
75,68,,,,,,,,,,
75,72,,,,,,,,,,
75,76,,,,,,,,,,
64,60,,,,,,,,,,
64,77,,,,,,,,,,
64,72,,,,,,,,,,
64,72,,,,,,,,,,
64,74,,,,,,,,,,
64,72,,,,,,,,,,
64,60,,,,,,,,,,
64,94,,,,,,,,,,
64,80,,,,,,,,,,
64,72,,,,,,,,,,
64,72,,,,,,,,,,
64,74,,,,,,,,,,
64,72,,,,,,,,,,
64,60,,,,,,,,,,
64,94,,,,,,,,,,
64,80,,,,,,,,,,
64,72,,,,,,,,,,
64,72,,,,,,,,,,
64,74,,,,,,,,,,
64,72,,,,,,,,,,
64,60,,,,,,,,,,
64,80,,,,,,,,,,
64,72,,,,,,,,,,
64,72,,,,,,,,,,
64,74,,,,,,,,,,
64,72,,,,,,,,,,
64,60,,,,,,,,,,
64,77,,,,,,,,,,
64,74,,,,,,,,,,
64,72,,,,,,,,,,
64,72,,,,,,,,,,
64,74,,,,,,,,,,
64,72,,,,,,,,,,
64,60,,,,,,,,,,
64,77,,,,,,,,,,
64,74,,,,,,,,,,
64,72,,,,,,,,,,
64,72,,,,,,,,,,
64,76,,,,,,,,,,
64,72,,,,,,,,,,
64,60,,,,,,,,,,
64,77,,,,,,,,,,
64,80,,,,,,,,,,
64,76,,,,,,,,,,
64,70,,,,,,,,,,
64,80,,,,,,,,,,
64,76,,,,,,,,,,
64,72,,,,,,,,,,
56,68,,,,,,,,,,
56,54,,,,,,,,,,
56,56,,,,,,,,,,
56,60,,,,,,,,,,
56,62,,,,,,,,,,
56,70,,,,,,,,,,
56,72,,,,,,,,,,
62,72,,,,,,,,,,
62,64,,,,,,,,,,
62,50,,,,,,,,,,
62,56,,,,,,,,,,
62,66,,,,,,,,,,
62,66,,,,,,,,,,
62,54,,,,,,,,,,
68,76,,,,,,,,,,
68,52,,,,,,,,,,
68,64,,,,,,,,,,
68,56,,,,,,,,,,
68,68,,,,,,,,,,
68,60,,,,,,,,,,
68,58,,,,,,,,,,
58,84,,,,,,,,,,
58,70,,,,,,,,,,
58,74,,,,,,,,,,
58,72,,,,,,,,,,
58,66,,,,,,,,,,
58,72,,,,,,,,,,
58,64,,,,,,,,,,
72,92,,,,,,,,,,
72,94,,,,,,,,,,
72,84,,,,,,,,,,
72,82,,,,,,,,,,
72,82,,,,,,,,,,
72,70,,,,,,,,,,
72,70,,,,,,,,,,
56,110,,,,,,,,,,
56,104,,,,,,,,,,
56,106,,,,,,,,,,
56,98,,,,,,,,,,
56,120,,,,,,,,,,
56,112,,,,,,,,,,
56,110,,,,,,,,,,
62,98,,,,,,,,,,
62,114,,,,,,,,,,
62,106,,,,,,,,,,
62,100,,,,,,,,,,
62,114,,,,,,,,,,
62,112,,,,,,,,,,
62,98,,,,,,,,,,
68,104,,,,,,,,,,
68,98,,,,,,,,,,
68,106,,,,,,,,,,
68,106,,,,,,,,,,
68,94,,,,,,,,,,
68,98,,,,,,,,,,
68,98,,,,,,,,,,
58,114,,,,,,,,,,
58,100,,,,,,,,,,
58,110,,,,,,,,,,
58,96,,,,,,,,,,
58,110,,,,,,,,,,
58,100,,,,,,,,,,
58,102,,,,,,,,,,
72,110,,,,,,,,,,
72,92,,,,,,,,,,
72,98,,,,,,,,,,
72,110,,,,,,,,,,
72,104,,,,,,,,,,
72,110,,,,,,,,,,
72,108,,,,,,,,,,
56,104,,,,,,,,,,
56,120,,,,,,,,,,
56,110,,,,,,,,,,
56,112,,,,,,,,,,
56,110,,,,,,,,,,
56,106,,,,,,,,,,
56,104,,,,,,,,,,
62,100,,,,,,,,,,
62,114,,,,,,,,,,
62,98,,,,,,,,,,
62,118,,,,,,,,,,
62,98,,,,,,,,,,
62,106,,,,,,,,,,
62,114,,,,,,,,,,
68,106,,,,,,,,,,
68,98,,,,,,,,,,
68,108,,,,,,,,,,
68,98,,,,,,,,,,
68,98,,,,,,,,,,
68,106,,,,,,,,,,
68,98,,,,,,,,,,
58,96,,,,,,,,,,
58,110,,,,,,,,,,
58,114,,,,,,,,,,
58,100,,,,,,,,,,
58,102,,,,,,,,,,
58,110,,,,,,,,,,
58,100,,,,,,,,,,
72,110,,,,,,,,,,
72,104,,,,,,,,,,
72,110,,,,,,,,,,
72,110,,,,,,,,,,
72,110,,,,,,,,,,
72,98,,,,,,,,,,
72,92,,,,,,,,,,
62,120,,,,,,,,,,
62,110,,,,,,,,,,
62,94,,,,,,,,,,
62,110,,,,,,,,,,
62,98,,,,,,,,,,
62,102,,,,,,,,,,
62,104,,,,,,,,,,
58,114,,,,,,,,,,
58,98,,,,,,,,,,
58,100,,,,,,,,,,
58,92,,,,,,,,,,
58,112,,,,,,,,,,
58,114,,,,,,,,,,
58,106,,,,,,,,,,
68,100,,,,,,,,,,
68,104,,,,,,,,,,
68,106,,,,,,,,,,
68,98,,,,,,,,,,
68,98,,,,,,,,,,
68,98,,,,,,,,,,
68,106,,,,,,,,,,
58,110,,,,,,,,,,
58,104,,,,,,,,,,
58,96,,,,,,,,,,
58,102,,,,,,,,,,
58,100,,,,,,,,,,
58,100,,,,,,,,,,
58,104,,,,,,,,,,
72,104,,,,,,,,,,
72,110,,,,,,,,,,
72,110,,,,,,,,,,
72,108,,,,,,,,,,
72,110,,,,,,,,,,
72,92,,,,,,,,,,
72,98,,,,,,,,,,
62,68,,,,,,,,,,
62,64,,,,,,,,,,
62,68,,,,,,,,,,
62,84,,,,,,,,,,
62,68,,,,,,,,,,
62,72,,,,,,,,,,
62,70,,,,,,,,,,
62,68,,,,,,,,,,
62,74,,,,,,,,,,
62,70,,,,,,,,,,
62,74,,,,,,,,,,
62,66,,,,,,,,,,
62,70,,,,,,,,,,
62,70,,,,,,,,,,
62,68,,,,,,,,,,
62,78,,,,,,,,,,
62,103,,,,,,,,,,
62,66,,,,,,,,,,
62,74,,,,,,,,,,
62,70,,,,,,,,,,
62,72,,,,,,,,,,
62,70,,,,,,,,,,
62,66,,,,,,,,,,
62,100,,,,,,,,,,
62,68,,,,,,,,,,
62,72,,,,,,,,,,
85,75,,,,,,,,,,
85,75,,,,,,,,,,
85,79,,,,,,,,,,
85,78,,,,,,,,,,
85,79,,,,,,,,,,
85,77,,,,,,,,,,
85,77,,,,,,,,,,
85,76,,,,,,,,,,
85,76,,,,,,,,,,
85,77,,,,,,,,,,
85,76,,,,,,,,,,
85,77,,,,,,,,,,
85,78,,,,,,,,,,
85,76,,,,,,,,,,
85,75,,,,,,,,,,
85,75,,,,,,,,,,
85,78,,,,,,,,,,
85,77,,,,,,,,,,
85,77,,,,,,,,,,
85,76,,,,,,,,,,
85,74,,,,,,,,,,
85,74,,,,,,,,,,
85,74,,,,,,,,,,
85,78,,,,,,,,,,
85,77,,,,,,,,,,
85,76,,,,,,,,,,
85,77,,,,,,,,,,
85,76,,,,,,,,,,
85,78,,,,,,,,,,
85,78,,,,,,,,,,
85,76,,,,,,,,,,
85,75,,,,,,,,,,
85,78,,,,,,,,,,
85,78,,,,,,,,,,
85,79,,,,,,,,,,
85,74,,,,,,,,,,
85,74,,,,,,,,,,
85,77,,,,,,,,,,
85,76,,,,,,,,,,
85,78,,,,,,,,,,
85,77,,,,,,,,,,
85,76,,,,,,,,,,
85,75,,,,,,,,,,
85,75,,,,,,,,,,
85,79,,,,,,,,,,
85,77,,,,,,,,,,
85,75,,,,,,,,,,
85,75,,,,,,,,,,
85,73,,,,,,,,,,
81,70,,,,,,,,,,
81,72,,,,,,,,,,
81,72,,,,,,,,,,
81,71,,,,,,,,,,
81,72,,,,,,,,,,
81,70,,,,,,,,,,
81,73,,,,,,,,,,
81,72,,,,,,,,,,
81,71,,,,,,,,,,
81,74,,,,,,,,,,
81,70,,,,,,,,,,
81,72,,,,,,,,,,
81,72,,,,,,,,,,
81,71,,,,,,,,,,
81,72,,,,,,,,,,
81,71,,,,,,,,,,
81,72,,,,,,,,,,
81,71,,,,,,,,,,
81,71,,,,,,,,,,
81,75,,,,,,,,,,
81,71,,,,,,,,,,
81,73,,,,,,,,,,
81,72,,,,,,,,,,
81,72,,,,,,,,,,
81,72,,,,,,,,,,
81,71,,,,,,,,,,
81,73,,,,,,,,,,
81,72,,,,,,,,,,
81,72,,,,,,,,,,
81,75,,,,,,,,,,
81,70,,,,,,,,,,
81,72,,,,,,,,,,
81,72,,,,,,,,,,
81,71,,,,,,,,,,
81,71,,,,,,,,,,
81,70,,,,,,,,,,
81,73,,,,,,,,,,
81,72,,,,,,,,,,
81,71,,,,,,,,,,
81,75,,,,,,,,,,
81,70,,,,,,,,,,
81,73,,,,,,,,,,
81,71,,,,,,,,,,
81,72,,,,,,,,,,
81,71,,,,,,,,,,
81,71,,,,,,,,,,
81,73,,,,,,,,,,
81,72,,,,,,,,,,
81,72,,,,,,,,,,
81,75,,,,,,,,,,
81,70,,,,,,,,,,
81,72,,,,,,,,,,
81,72,,,,,,,,,,
81,71,,,,,,,,,,
81,72,,,,,,,,,,
81,70,,,,,,,,,,
81,73,,,,,,,,,,
81,72,,,,,,,,,,
81,72,,,,,,,,,,
81,74,,,,,,,,,,
81,70,,,,,,,,,,
81,71,,,,,,,,,,
81,70,,,,,,,,,,
81,72,,,,,,,,,,
81,72,,,,,,,,,,
81,70,,,,,,,,,,
81,73,,,,,,,,,,
81,71,,,,,,,,,,
81,70,,,,,,,,,,
81,75,,,,,,,,,,
68,96,,,,,,,,,,
65,112,,,,,,,,,,
76,118,,,,,,,,,,
79,108,,,,,,,,,,
83,64,,,,,,,,,,
83,72,,,,,,,,,,
61,72,,,,,,,,,,
61,80,,,,,,,,,,
61,104,,,,,,,,,,
61,96,,,,,,,,,,
61,72,,,,,,,,,,
61,80,,,,,,,,,,
61,104,,,,,,,,,,
61,96,,,,,,,,,,
67,60,,,,,,,,,,
67,84,,,,,,,,,,
67,80,,,,,,,,,,
67,56,,,,,,,,,,
67,88,,,,,,,,,,
67,100,,,,,,,,,,
67,58,,,,,,,,,,
67,92,,,,,,,,,,
67,88,,,,,,,,,,
67,50,,,,,,,,,,
67,96,,,,,,,,,,
67,76,,,,,,,,,,
67,60,,,,,,,,,,
67,72,,,,,,,,,,
67,88,,,,,,,,,,
67,76,,,,,,,,,,
67,56,,,,,,,,,,
67,76,,,,,,,,,,
67,84,,,,,,,,,,
67,68,,,,,,,,,,
67,80,,,,,,,,,,
67,52,,,,,,,,,,
67,72,,,,,,,,,,
67,76,,,,,,,,,,
67,64,,,,,,,,,,
67,84,,,,,,,,,,
63,64,,,,,,,,,,
63,84,,,,,,,,,,
63,100,,,,,,,,,,
63,108,,,,,,,,,,
63,80,,,,,,,,,,
63,60,,,,,,,,,,
63,100,,,,,,,,,,
63,84,,,,,,,,,,
63,80,,,,,,,,,,
63,64,,,,,,,,,,
63,128,,,,,,,,,,
63,84,,,,,,,,,,
63,84,,,,,,,,,,
63,80,,,,,,,,,,
63,64,,,,,,,,,,
63,80,,,,,,,,,,
63,100,,,,,,,,,,
63,92,,,,,,,,,,
63,84,,,,,,,,,,
63,68,,,,,,,,,,
63,96,,,,,,,,,,
63,128,,,,,,,,,,
63,84,,,,,,,,,,
63,120,,,,,,,,,,
63,92,,,,,,,,,,
69,71,,,,,,,,,,
69,71,,,,,,,,,,
69,70,,,,,,,,,,
69,75,,,,,,,,,,
69,70,,,,,,,,,,
69,70,,,,,,,,,,
69,69,,,,,,,,,,
69,77,,,,,,,,,,
69,69,,,,,,,,,,
69,79,,,,,,,,,,
69,79,,,,,,,,,,
69,75,,,,,,,,,,
69,77,,,,,,,,,,
69,77,,,,,,,,,,
69,71,,,,,,,,,,
69,79,,,,,,,,,,
69,76,,,,,,,,,,
69,78,,,,,,,,,,
69,66,,,,,,,,,,
69,70,,,,,,,,,,
69,75,,,,,,,,,,
69,59,,,,,,,,,,
69,68,,,,,,,,,,
69,69,,,,,,,,,,
69,70,,,,,,,,,,
69,69,,,,,,,,,,
69,66,,,,,,,,,,
69,66,,,,,,,,,,
69,60,,,,,,,,,,
69,69,,,,,,,,,,
69,81,,,,,,,,,,
69,75,,,,,,,,,,
69,67,,,,,,,,,,
69,66,,,,,,,,,,
69,67,,,,,,,,,,
69,71,,,,,,,,,,
69,68,,,,,,,,,,
69,69,,,,,,,,,,
69,70,,,,,,,,,,
69,69,,,,,,,,,,
69,70,,,,,,,,,,
69,69,,,,,,,,,,
71,80,,,,,,,,,,
71,81,,,,,,,,,,
71,76,,,,,,,,,,
71,78,,,,,,,,,,
71,79,,,,,,,,,,
71,80,,,,,,,,,,
71,81,,,,,,,,,,
71,79,,,,,,,,,,
71,81,,,,,,,,,,
71,81,,,,,,,,,,
71,80,,,,,,,,,,
71,80,,,,,,,,,,
71,78,,,,,,,,,,
71,78,,,,,,,,,,
71,81,,,,,,,,,,
71,77,,,,,,,,,,
71,75,,,,,,,,,,
71,90,,,,,,,,,,
71,76,,,,,,,,,,
71,71,,,,,,,,,,
71,75,,,,,,,,,,
71,77,,,,,,,,,,
71,81,,,,,,,,,,
71,97,,,,,,,,,,
71,96,,,,,,,,,,
71,80,,,,,,,,,,
71,67,,,,,,,,,,
71,68,,,,,,,,,,
71,80,,,,,,,,,,
71,75,,,,,,,,,,
71,88,,,,,,,,,,
71,94,,,,,,,,,,
71,93,,,,,,,,,,
71,73,,,,,,,,,,
71,72,,,,,,,,,,
71,81,,,,,,,,,,
71,77,,,,,,,,,,
71,75,,,,,,,,,,
71,90,,,,,,,,,,
71,79,,,,,,,,,,
71,71,,,,,,,,,,
71,75,,,,,,,,,,
74,68,,,,,,,,,,
74,76,,,,,,,,,,
74,112,,,,,,,,,,
74,92,,,,,,,,,,
74,88,,,,,,,,,,
74,88,,,,,,,,,,
74,96,,,,,,,,,,
74,80,,,,,,,,,,
74,88,,,,,,,,,,
74,80,,,,,,,,,,
74,72,,,,,,,,,,
74,68,,,,,,,,,,
74,116,,,,,,,,,,
74,84,,,,,,,,,,
74,88,,,,,,,,,,
74,96,,,,,,,,,,
74,108,,,,,,,,,,
74,76,,,,,,,,,,
74,84,,,,,,,,,,
74,72,,,,,,,,,,
74,64,,,,,,,,,,
74,84,,,,,,,,,,
74,104,,,,,,,,,,
74,84,,,,,,,,,,
74,92,,,,,,,,,,
74,92,,,,,,,,,,
74,92,,,,,,,,,,
74,76,,,,,,,,,,
74,96,,,,,,,,,,
74,84,,,,,,,,,,
74,76,,,,,,,,,,
74,84,,,,,,,,,,
74,108,,,,,,,,,,
74,92,,,,,,,,,,
74,84,,,,,,,,,,
74,96,,,,,,,,,,
74,88,,,,,,,,,,
74,84,,,,,,,,,,
74,72,,,,,,,,,,
74,84,,,,,,,,,,
74,72,,,,,,,,,,
74,84,,,,,,,,,,
74,120,,,,,,,,,,
74,88,,,,,,,,,,
74,88,,,,,,,,,,
74,96,,,,,,,,,,
74,88,,,,,,,,,,
74,76,,,,,,,,,,
74,92,,,,,,,,,,
74,72,,,,,,,,,,
80,72,,,,,,,,,,
80,72,,,,,,,,,,
80,73,,,,,,,,,,
80,72,,,,,,,,,,
80,76,,,,,,,,,,
80,73,,,,,,,,,,
80,72,,,,,,,,,,
80,71,,,,,,,,,,
80,72,,,,,,,,,,
80,73,,,,,,,,,,
80,73,,,,,,,,,,
80,71,,,,,,,,,,
80,75,,,,,,,,,,
80,72,,,,,,,,,,
80,72,,,,,,,,,,
80,72,,,,,,,,,,
80,72,,,,,,,,,,
80,72,,,,,,,,,,
80,72,,,,,,,,,,
80,71,,,,,,,,,,
80,74,,,,,,,,,,
80,72,,,,,,,,,,
80,72,,,,,,,,,,
80,72,,,,,,,,,,
80,73,,,,,,,,,,
80,72,,,,,,,,,,
80,72,,,,,,,,,,
80,72,,,,,,,,,,
80,75,,,,,,,,,,
80,73,,,,,,,,,,
80,72,,,,,,,,,,
80,71,,,,,,,,,,
80,72,,,,,,,,,,
80,71,,,,,,,,,,
80,73,,,,,,,,,,
80,72,,,,,,,,,,
80,74,,,,,,,,,,
80,73,,,,,,,,,,
80,72,,,,,,,,,,
80,72,,,,,,,,,,
80,74,,,,,,,,,,
80,73,,,,,,,,,,
80,73,,,,,,,,,,
80,72,,,,,,,,,,
80,75,,,,,,,,,,
80,74,,,,,,,,,,
80,72,,,,,,,,,,
80,72,,,,,,,,,,
80,72,,,,,,,,,,
80,72,,,,,,,,,,
80,74,,,,,,,,,,
80,73,,,,,,,,,,
80,74,,,,,,,,,,
80,73,,,,,,,,,,
80,72,,,,,,,,,,
80,71,,,,,,,,,,
70,76,,,,,,,,,,
70,82,,,,,,,,,,
70,90,,,,,,,,,,
70,104,,,,,,,,,,
70,90,,,,,,,,,,
70,120,,,,,,,,,,
70,92,,,,,,,,,,
70,98,,,,,,,,,,
70,76,,,,,,,,,,
70,82,,,,,,,,,,
70,92,,,,,,,,,,
70,104,,,,,,,,,,
70,92,,,,,,,,,,
70,128,,,,,,,,,,
70,90,,,,,,,,,,
70,98,,,,,,,,,,
70,76,,,,,,,,,,
70,84,,,,,,,,,,
70,92,,,,,,,,,,
70,108,,,,,,,,,,
70,90,,,,,,,,,,
70,128,,,,,,,,,,
70,92,,,,,,,,,,
70,96,,,,,,,,,,
70,74,,,,,,,,,,
70,84,,,,,,,,,,
70,90,,,,,,,,,,
70,104,,,,,,,,,,
70,92,,,,,,,,,,
70,120,,,,,,,,,,
70,92,,,,,,,,,,
70,98,,,,,,,,,,
70,76,,,,,,,,,,
70,84,,,,,,,,,,
70,90,,,,,,,,,,
70,104,,,,,,,,,,
70,96,,,,,,,,,,
70,120,,,,,,,,,,
70,92,,,,,,,,,,
70,96,,,,,,,,,,
70,74,,,,,,,,,,
70,84,,,,,,,,,,
70,90,,,,,,,,,,
70,108,,,,,,,,,,
70,90,,,,,,,,,,
70,128,,,,,,,,,,
70,90,,,,,,,,,,
70,100,,,,,,,,,,
70,76,,,,,,,,,,
70,82,,,,,,,,,,
70,90,,,,,,,,,,
70,104,,,,,,,,,,
70,92,,,,,,,,,,
70,128,,,,,,,,,,
70,92,,,,,,,,,,
70,90,,,,,,,,,,
81,70,,,,,,,,,,
81,72,,,,,,,,,,
81,72,,,,,,,,,,
81,71,,,,,,,,,,
81,72,,,,,,,,,,
81,70,,,,,,,,,,
81,73,,,,,,,,,,
81,72,,,,,,,,,,
81,71,,,,,,,,,,
81,74,,,,,,,,,,
60,64,,,,,,,,,,
60,60,,,,,,,,,,
60,68,,,,,,,,,,
60,64,,,,,,,,,,
60,52,,,,,,,,,,
60,60,,,,,,,,,,
60,64,,,,,,,,,,
60,130,,,,,,,,,,
60,124,,,,,,,,,,
60,120,,,,,,,,,,
60,126,,,,,,,,,,
60,118,,,,,,,,,,
60,120,,,,,,,,,,
60,128,,,,,,,,,,
49,64,,,,,,,,,,
46,68,,,,,,,,,,
58,68,,,,,,,,,,
51,58,,,,,,,,,,
60,63,,,,,,,,,,
46,78,,,,,,,,,,
49,68,,,,,,,,,,
46,64,,,,,,,,,,
58,68,,,,,,,,,,
51,60,,,,,,,,,,
60,63,,,,,,,,,,
46,80,,,,,,,,,,
49,72,,,,,,,,,,
46,64,,,,,,,,,,
58,63,,,,,,,,,,
51,56,,,,,,,,,,
60,63,,,,,,,,,,
46,80,,,,,,,,,,
49,64,,,,,,,,,,
46,64,,,,,,,,,,
58,60,,,,,,,,,,
51,56,,,,,,,,,,
60,62,,,,,,,,,,
46,82,,,,,,,,,,
49,60,,,,,,,,,,
46,64,,,,,,,,,,
58,62,,,,,,,,,,
51,64,,,,,,,,,,
60,61,,,,,,,,,,
46,86,,,,,,,,,,
49,64,,,,,,,,,,
46,68,,,,,,,,,,
58,62,,,,,,,,,,
51,63,,,,,,,,,,
60,62,,,,,,,,,,
46,86,,,,,,,,,,
49,64,,,,,,,,,,
46,60,,,,,,,,,,
58,63,,,,,,,,,,
51,64,,,,,,,,,,
60,61,,,,,,,,,,
46,86,,,,,,,,,,
49,100,,,,,,,,,,
46,90,,,,,,,,,,
58,87,,,,,,,,,,
51,87,,,,,,,,,,
60,96,,,,,,,,,,
46,94,,,,,,,,,,
46,92,,,,,,,,,,
49,96,,,,,,,,,,
46,92,,,,,,,,,,
58,89,,,,,,,,,,
51,92,,,,,,,,,,
60,87,,,,,,,,,,
46,90,,,,,,,,,,
49,90,,,,,,,,,,
46,92,,,,,,,,,,
58,90,,,,,,,,,,
51,87,,,,,,,,,,
60,72,,,,,,,,,,
46,80,,,,,,,,,,
46,68,,,,,,,,,,
65,68,,,,,,,,,,
65,72,,,,,,,,,,
65,72,,,,,,,,,,
65,76,,,,,,,,,,
65,104,,,,,,,,,,
65,68,,,,,,,,,,
65,72,,,,,,,,,,
65,72,,,,,,,,,,
65,72,,,,,,,,,,
65,112,,,,,,,,,,
65,68,,,,,,,,,,
65,72,,,,,,,,,,
65,72,,,,,,,,,,
65,76,,,,,,,,,,
65,116,,,,,,,,,,
69,58,,,,,,,,,,
69,73,,,,,,,,,,
69,68,,,,,,,,,,
69,71,,,,,,,,,,
69,64,,,,,,,,,,
69,60,,,,,,,,,,
69,64,,,,,,,,,,
69,71,,,,,,,,,,
69,68,,,,,,,,,,
69,82,,,,,,,,,,
69,75,,,,,,,,,,
69,66,,,,,,,,,,
69,72,,,,,,,,,,
69,61,,,,,,,,,,
69,71,,,,,,,,,,
69,70,,,,,,,,,,
69,75,,,,,,,,,,
69,70,,,,,,,,,,
69,68,,,,,,,,,,
69,75,,,,,,,,,,
69,61,,,,,,,,,,
69,71,,,,,,,,,,
69,70,,,,,,,,,,
69,75,,,,,,,,,,
69,70,,,,,,,,,,
69,68,,,,,,,,,,
69,75,,,,,,,,,,
69,74,,,,,,,,,,
69,70,,,,,,,,,,
69,70,,,,,,,,,,
69,73,,,,,,,,,,
69,69,,,,,,,,,,
69,74,,,,,,,,,,
69,67,,,,,,,,,,
69,71,,,,,,,,,,
69,69,,,,,,,,,,
69,75,,,,,,,,,,
69,70,,,,,,,,,,
69,68,,,,,,,,,,
69,72,,,,,,,,,,
71,71,,,,,,,,,,
71,83,,,,,,,,,,
71,75,,,,,,,,,,
71,96,,,,,,,,,,
71,78,,,,,,,,,,
71,70,,,,,,,,,,
71,70,,,,,,,,,,
71,67,,,,,,,,,,
71,70,,,,,,,,,,
71,88,,,,,,,,,,
71,86,,,,,,,,,,
71,77,,,,,,,,,,
71,81,,,,,,,,,,
71,75,,,,,,,,,,
71,80,,,,,,,,,,
71,91,,,,,,,,,,
71,100,,,,,,,,,,
71,80,,,,,,,,,,
71,73,,,,,,,,,,
71,74,,,,,,,,,,
71,70,,,,,,,,,,
71,79,,,,,,,,,,
71,79,,,,,,,,,,
71,77,,,,,,,,,,
71,76,,,,,,,,,,
71,76,,,,,,,,,,
71,73,,,,,,,,,,
71,70,,,,,,,,,,
71,68,,,,,,,,,,
71,,,,,,,,,,,
71,76,,,,,,,,,,
71,74,,,,,,,,,,
71,76,,,,,,,,,,
71,70,,,,,,,,,,
71,75,,,,,,,,,,
71,78,,,,,,,,,,
71,88,,,,,,,,,,
71,77,,,,,,,,,,
71,70,,,,,,,,,,
71,75,,,,,,,,,,
73,64,,,,,,,,,,
73,64,,,,,,,,,,
73,92,,,,,,,,,,
73,92,,,,,,,,,,
58,64,,,,,,,,,,
58,64,,,,,,,,,,
58,76,,,,,,,,,,
58,76,,,,,,,,,,
73,56,,,,,,,,,,
73,56,,,,,,,,,,
73,92,,,,,,,,,,
73,80,,,,,,,,,,
58,64,,,,,,,,,,
58,64,,,,,,,,,,
58,76,,,,,,,,,,
58,76,,,,,,,,,,
85,75,,,,,,,,,,
85,73,,,,,,,,,,
85,76,,,,,,,,,,
85,77,,,,,,,,,,
85,75,,,,,,,,,,
85,75,,,,,,,,,,
85,73,,,,,,,,,,
85,73,,,,,,,,,,
85,75,,,,,,,,,,
85,76,,,,,,,,,,
85,75,,,,,,,,,,
85,79,,,,,,,,,,
85,76,,,,,,,,,,
85,77,,,,,,,,,,
85,70,,,,,,,,,,
85,73,,,,,,,,,,
85,74,,,,,,,,,,
85,72,,,,,,,,,,
85,78,,,,,,,,,,
85,75,,,,,,,,,,
85,72,,,,,,,,,,
85,75,,,,,,,,,,
85,74,,,,,,,,,,
85,74,,,,,,,,,,
85,73,,,,,,,,,,
85,80,,,,,,,,,,
85,77,,,,,,,,,,
85,73,,,,,,,,,,
85,72,,,,,,,,,,
85,72,,,,,,,,,,
85,73,,,,,,,,,,
85,73,,,,,,,,,,
85,76,,,,,,,,,,
85,75,,,,,,,,,,
85,76,,,,,,,,,,
85,77,,,,,,,,,,
85,75,,,,,,,,,,
85,74,,,,,,,,,,
85,77,,,,,,,,,,
85,74,,,,,,,,,,
85,74,,,,,,,,,,
85,77,,,,,,,,,,
85,76,,,,,,,,,,
85,76,,,,,,,,,,
85,77,,,,,,,,,,
85,76,,,,,,,,,,
85,77,,,,,,,,,,
85,78,,,,,,,,,,
85,76,,,,,,,,,,
76,61,,,,,,,,,,
76,68,,,,,,,,,,
76,66,,,,,,,,,,
76,70,,,,,,,,,,
76,69,,,,,,,,,,
76,80,,,,,,,,,,
76,63,,,,,,,,,,
76,68,,,,,,,,,,
76,72,,,,,,,,,,
76,75,,,,,,,,,,
76,68,,,,,,,,,,
76,73,,,,,,,,,,
76,65,,,,,,,,,,
76,63,,,,,,,,,,
76,65,,,,,,,,,,
76,66,,,,,,,,,,
76,67,,,,,,,,,,
76,64,,,,,,,,,,
74,72,,,,,,,,,,
74,64,,,,,,,,,,
74,116,,,,,,,,,,
74,88,,,,,,,,,,
74,76,,,,,,,,,,
74,84,,,,,,,,,,
74,88,,,,,,,,,,
74,88,,,,,,,,,,
74,76,,,,,,,,,,
74,72,,,,,,,,,,
74,68,,,,,,,,,,
74,76,,,,,,,,,,
74,112,,,,,,,,,,
74,80,,,,,,,,,,
74,96,,,,,,,,,,
74,104,,,,,,,,,,
74,108,,,,,,,,,,
74,76,,,,,,,,,,
74,96,,,,,,,,,,
74,64,,,,,,,,,,
74,68,,,,,,,,,,
74,92,,,,,,,,,,
74,96,,,,,,,,,,
74,112,,,,,,,,,,
74,92,,,,,,,,,,
74,104,,,,,,,,,,
74,68,,,,,,,,,,
74,96,,,,,,,,,,
74,80,,,,,,,,,,
74,68,,,,,,,,,,
74,84,,,,,,,,,,
74,108,,,,,,,,,,
74,92,,,,,,,,,,
74,76,,,,,,,,,,
74,104,,,,,,,,,,
74,92,,,,,,,,,,
74,96,,,,,,,,,,
74,72,,,,,,,,,,
74,80,,,,,,,,,,
74,72,,,,,,,,,,
74,84,,,,,,,,,,
74,116,,,,,,,,,,
74,88,,,,,,,,,,
74,76,,,,,,,,,,
74,84,,,,,,,,,,
74,92,,,,,,,,,,
74,92,,,,,,,,,,
74,88,,,,,,,,,,
74,80,,,,,,,,,,
76,64,,,,,,,,,,
76,68,,,,,,,,,,
76,68,,,,,,,,,,
76,80,,,,,,,,,,
76,64,,,,,,,,,,
76,64,,,,,,,,,,
76,68,,,,,,,,,,
76,64,,,,,,,,,,
76,64,,,,,,,,,,
76,64,,,,,,,,,,
76,64,,,,,,,,,,
76,68,,,,,,,,,,
76,68,,,,,,,,,,
76,84,,,,,,,,,,
76,86,,,,,,,,,,
76,84,,,,,,,,,,
76,84,,,,,,,,,,
76,112,,,,,,,,,,
76,86,,,,,,,,,,
76,84,,,,,,,,,,
76,86,,,,,,,,,,
76,86,,,,,,,,,,
76,86,,,,,,,,,,
76,86,,,,,,,,,,
76,84,,,,,,,,,,
82,62,,,,,,,,,,
82,65,,,,,,,,,,
82,60,,,,,,,,,,
82,62,,,,,,,,,,
82,64,,,,,,,,,,
82,60,,,,,,,,,,
82,85,,,,,,,,,,
82,72,,,,,,,,,,
75,76,,,,,,,,,,
75,72,,,,,,,,,,
75,72,,,,,,,,,,
75,76,,,,,,,,,,
75,74,,,,,,,,,,
75,72,,,,,,,,,,
75,62,,,,,,,,,,
75,61,,,,,,,,,,
75,62,,,,,,,,,,
75,62,,,,,,,,,,
75,72,,,,,,,,,,
75,72,,,,,,,,,,
75,72,,,,,,,,,,
75,73,,,,,,,,,,
75,62,,,,,,,,,,
75,60,,,,,,,,,,
75,72,,,,,,,,,,
75,62,,,,,,,,,,
75,61,,,,,,,,,,
75,62,,,,,,,,,,
67,72,,,,,,,,,,
61,72,,,,,,,,,,
61,76,,,,,,,,,,
61,80,,,,,,,,,,
61,84,,,,,,,,,,
61,76,,,,,,,,,,
61,68,,,,,,,,,,
61,76,,,,,,,,,,
61,72,,,,,,,,,,
61,76,,,,,,,,,,
61,100,,,,,,,,,,
61,76,,,,,,,,,,
61,64,,,,,,,,,,
61,76,,,,,,,,,,
61,92,,,,,,,,,,
61,108,,,,,,,,,,
61,84,,,,,,,,,,
61,64,,,,,,,,,,
61,80,,,,,,,,,,
61,84,,,,,,,,,,
61,80,,,,,,,,,,
61,96,,,,,,,,,,
61,88,,,,,,,,,,
61,68,,,,,,,,,,
61,76,,,,,,,,,,
61,92,,,,,,,,,,
61,80,,,,,,,,,,
61,88,,,,,,,,,,
61,80,,,,,,,,,,
61,72,,,,,,,,,,
61,80,,,,,,,,,,
61,88,,,,,,,,,,
61,80,,,,,,,,,,
61,108,,,,,,,,,,
61,88,,,,,,,,,,
61,68,,,,,,,,,,
61,80,,,,,,,,,,
61,80,,,,,,,,,,
61,84,,,,,,,,,,
61,100,,,,,,,,,,
52,60,,,,,,,,,,
52,76,,,,,,,,,,
52,80,,,,,,,,,,
52,120,,,,,,,,,,
52,60,,,,,,,,,,
52,72,,,,,,,,,,
52,76,,,,,,,,,,
52,104,,,,,,,,,,
52,60,,,,,,,,,,
52,72,,,,,,,,,,
52,76,,,,,,,,,,
52,112,,,,,,,,,,
52,64,,,,,,,,,,
52,72,,,,,,,,,,
52,76,,,,,,,,,,
52,64,,,,,,,,,,
52,60,,,,,,,,,,
52,72,,,,,,,,,,
52,72,,,,,,,,,,
52,116,,,,,,,,,,
52,60,,,,,,,,,,
52,76,,,,,,,,,,
52,84,,,,,,,,,,
52,104,,,,,,,,,,
52,60,,,,,,,,,,
52,72,,,,,,,,,,
52,76,,,,,,,,,,
52,100,,,,,,,,,,
63,64,,,,,,,,,,
63,120,,,,,,,,,,
63,88,,,,,,,,,,
63,88,,,,,,,,,,
63,80,,,,,,,,,,
63,64,,,,,,,,,,
63,124,,,,,,,,,,
63,80,,,,,,,,,,
63,80,,,,,,,,,,
63,64,,,,,,,,,,
63,120,,,,,,,,,,
63,84,,,,,,,,,,
63,80,,,,,,,,,,
63,88,,,,,,,,,,
63,84,,,,,,,,,,
63,64,,,,,,,,,,
63,80,,,,,,,,,,
63,140,,,,,,,,,,
63,92,,,,,,,,,,
63,84,,,,,,,,,,
63,64,,,,,,,,,,
63,124,,,,,,,,,,
63,100,,,,,,,,,,
63,88,,,,,,,,,,
63,92,,,,,,,,,,
63,84,,,,,,,,,,
83,64,,,,,,,,,,
83,68,,,,,,,,,,
83,56,,,,,,,,,,
83,68,,,,,,,,,,
82,64,,,,,,,,,,
82,62,,,,,,,,,,
82,72,,,,,,,,,,
82,70,,,,,,,,,,
82,72,,,,,,,,,,
82,72,,,,,,,,,,
82,72,,,,,,,,,,
82,72,,,,,,,,,,
82,64,,,,,,,,,,
82,62,,,,,,,,,,
82,62,,,,,,,,,,
82,65,,,,,,,,,,
82,60,,,,,,,,,,
82,62,,,,,,,,,,
82,64,,,,,,,,,,
82,70,,,,,,,,,,
82,72,,,,,,,,,,
75,55,,,,,,,,,,
75,55,,,,,,,,,,
75,57,,,,,,,,,,
75,71,,,,,,,,,,
75,60,,,,,,,,,,
75,56,,,,,,,,,,
75,70,,,,,,,,,,
75,71,,,,,,,,,,
75,54,,,,,,,,,,
75,58,,,,,,,,,,
75,57,,,,,,,,,,
75,60,,,,,,,,,,
75,58,,,,,,,,,,
75,56,,,,,,,,,,
75,60,,,,,,,,,,
75,62,,,,,,,,,,
75,67,,,,,,,,,,
75,57,,,,,,,,,,
75,69,,,,,,,,,,
75,75,,,,,,,,,,
75,56,,,,,,,,,,
75,57,,,,,,,,,,
75,59,,,,,,,,,,
75,52,,,,,,,,,,
75,52,,,,,,,,,,
75,51,,,,,,,,,,
75,53,,,,,,,,,,
75,68,,,,,,,,,,
76,66,,,,,,,,,,
76,84,,,,,,,,,,
76,68,,,,,,,,,,
76,84,,,,,,,,,,
76,68,,,,,,,,,,
76,86,,,,,,,,,,
76,64,,,,,,,,,,
76,86,,,,,,,,,,
76,68,,,,,,,,,,
76,86,,,,,,,,,,
76,68,,,,,,,,,,
76,86,,,,,,,,,,
76,68,,,,,,,,,,
76,84,,,,,,,,,,
58,84,,,,,,,,,,
58,88,,,,,,,,,,
58,92,,,,,,,,,,
58,80,,,,,,,,,,
58,92,,,,,,,,,,
58,100,,,,,,,,,,
58,80,,,,,,,,,,
58,92,,,,,,,,,,
58,96,,,,,,,,,,
58,84,,,,,,,,,,
58,96,,,,,,,,,,
58,108,,,,,,,,,,
58,84,,,,,,,,,,
58,92,,,,,,,,,,
58,96,,,,,,,,,,
58,84,,,1,1507,A1507,69,,2846,B2846,71
58,92,,,2,2293,A2293,69,,2051,B2051,74
58,124,,,3,2836,A2836,52,,2401,B2401,94
58,80,,,4,1568,A1568,58,,1942,B1942,72
58,88,,,5,2117,A2117,52,,2143,B2143,72
58,96,,,6,2462,A2462,62,,2038,B2038,74
58,80,,,7,2088,A2088,52,,2294,B2294,84
58,92,,,8,2572,A2572,#N/D,,2391,B2391,88
58,104,,,9,1794,A1794,62,,1613,B1613,94
58,84,,,10,2786,A2786,56,,1533,B1533,72
58,92,,,11,2424,A2424,58,,1983,B1983,72
58,96,,,12,2390,A2390,58,,2793,B2793,74
58,88,,,13,1936,A1936,62,,1414,B1414,60
58,88,,,14,2562,A2562,#N/D,,1620,B1620,74
58,108,,,15,1456,A1456,62,,1767,B1767,84
58,80,,,16,2753,A2753,56,,2405,B2405,66
58,88,,,17,2839,A2839,52,,2635,B2635,60
58,88,,,18,1543,A1543,69,,1656,B1656,#N/D
58,84,,,19,1877,A1877,58,,2764,B2764,84
58,96,,,20,1682,A1682,69,,1410,B1410,82
58,132,,,21,2572,A2572,#N/D,,2188,B2188,60
58,80,,,22,2264,A2264,69,,2468,B2468,72
58,88,,,23,2499,A2499,62,,2007,B2007,74
58,92,,,24,1664,A1664,62,,2333,B2333,70
58,84,,,25,1578,A1578,58,,1787,B1787,72
58,96,,,26,1479,A1479,69,,1431,B1431,84
58,104,,,27,2068,A2068,56,,1466,B1466,84
67,64,,,28,1590,A1590,58,,2186,B2186,80
67,80,,,29,2386,A2386,58,,2729,B2729,74
67,76,,,30,2301,A2301,69,,1973,B1973,#N/D
67,80,,,,,,,,,,
67,92,,,,,,,,,,
67,76,,,,,,,,,,
67,60,,,,,,,,,,
67,80,,,,,,,,,,
67,84,,,,,,,,,,
67,80,,,,,,,,,,
67,96,,,,,,,,,,
67,80,,,,,,,,,,
67,64,,,,,,,,,,
67,80,,,,,,,,,,
67,80,,,,,,,,,,
67,80,,,,,,,,,,
67,88,,,,,,,,,,
67,80,,,,,,,,,,
52,60,,,,,,,,,,
52,72,,,,,,,,,,
52,80,,,,,,,,,,
52,104,,,,,,,,,,
52,64,,,,,,,,,,
52,80,,,,,,,,,,
52,72,,,,,,,,,,
52,96,,,,,,,,,,
52,64,,,,,,,,,,
52,72,,,,,,,,,,
52,76,,,,,,,,,,
52,96,,,,,,,,,,
52,60,,,,,,,,,,
52,76,,,,,,,,,,
52,80,,,,,,,,,,
52,104,,,,,,,,,,
52,60,,,,,,,,,,
52,72,,,,,,,,,,
52,80,,,,,,,,,,
52,112,,,,,,,,,,
52,60,,,,,,,,,,
52,72,,,,,,,,,,
52,72,,,,,,,,,,
52,100,,,,,,,,,,
52,64,,,,,,,,,,
52,72,,,,,,,,,,
52,76,,,,,,,,,,
52,100,,,,,,,,,,
63,68,,,,,,,,,,
63,76,,,,,,,,,,
63,92,,,,,,,,,,
63,92,,,,,,,,,,
63,84,,,,,,,,,,
63,68,,,,,,,,,,
63,100,,,,,,,,,,
63,132,,,,,,,,,,
63,80,,,,,,,,,,
63,68,,,,,,,,,,
63,112,,,,,,,,,,
63,92,,,,,,,,,,
63,88,,,,,,,,,,
63,88,,,,,,,,,,
63,84,,,,,,,,,,
63,68,,,,,,,,,,
63,92,,,,,,,,,,
63,88,,,,,,,,,,
63,84,,,,,,,,,,
63,100,,,,,,,,,,
63,80,,,,,,,,,,
63,68,,,,,,,,,,
63,108,,,,,,,,,,
63,120,,,,,,,,,,
63,92,,,,,,,,,,
63,88,,,,,,,,,,
63,84,,,,,,,,,,
72,65,,,,,,,,,,
72,58,,,,,,,,,,
72,62,,,,,,,,,,
72,56,,,,,,,,,,
80,72,,,,,,,,,,
80,73,,,,,,,,,,
80,73,,,,,,,,,,
80,72,,,,,,,,,,
80,75,,,,,,,,,,
80,74,,,,,,,,,,
80,72,,,,,,,,,,
80,71,,,,,,,,,,
80,72,,,,,,,,,,
80,73,,,,,,,,,,
80,73,,,,,,,,,,
80,71,,,,,,,,,,
80,75,,,,,,,,,,
80,72,,,,,,,,,,
80,72,,,,,,,,,,
80,72,,,,,,,,,,
80,73,,,,,,,,,,
80,72,,,,,,,,,,
80,72,,,,,,,,,,
80,71,,,,,,,,,,
80,75,,,,,,,,,,
80,72,,,,,,,,,,
80,72,,,,,,,,,,
80,71,,,,,,,,,,
80,72,,,,,,,,,,
80,72,,,,,,,,,,
80,72,,,,,,,,,,
80,72,,,,,,,,,,
80,75,,,,,,,,,,
80,73,,,,,,,,,,
80,72,,,,,,,,,,
80,72,,,,,,,,,,
80,72,,,,,,,,,,
80,72,,,,,,,,,,
80,73,,,,,,,,,,
80,72,,,,,,,,,,
80,75,,,,,,,,,,
80,73,,,,,,,,,,
80,72,,,,,,,,,,
80,72,,,,,,,,,,
80,73,,,,,,,,,,
80,73,,,,,,,,,,
80,73,,,,,,,,,,
80,72,,,,,,,,,,
80,75,,,,,,,,,,
80,74,,,,,,,,,,
80,72,,,,,,,,,,
80,72,,,,,,,,,,
80,73,,,,,,,,,,
80,72,,,,,,,,,,
80,74,,,,,,,,,,
80,73,,,,,,,,,,
80,74,,,,,,,,,,
80,73,,,,,,,,,,
80,72,,,,,,,,,,
80,71,,,,,,,,,,
80,73,,,,,,,,,,
80,72,,,,,,,,,,
80,72,,,,,,,,,,
80,72,,,,,,,,,,
80,75,,,,,,,,,,
80,73,,,,,,,,,,
80,72,,,,,,,,,,
80,71,,,,,,,,,,
80,72,,,,,,,,,,
80,71,,,,,,,,,,
80,73,,,,,,,,,,
80,72,,,,,,,,,,
80,74,,,,,,,,,,
80,73,,,,,,,,,,
80,72,,,,,,,,,,
80,72,,,,,,,,,,
80,74,,,,,,,,,,
80,73,,,,,,,,,,
80,73,,,,,,,,,,
80,72,,,,,,,,,,
80,75,,,,,,,,,,
80,74,,,,,,,,,,
80,72,,,,,,,,,,
80,72,,,,,,,,,,
80,72,,,,,,,,,,
80,72,,,,,,,,,,
80,74,,,,,,,,,,
80,73,,,,,,,,,,
80,74,,,,,,,,,,
80,73,,,,,,,,,,
80,72,,,,,,,,,,
80,71,,,,,,,,,,
70,80,,,,,,,,,,
70,84,,,,,,,,,,
70,92,,,,,,,,,,
70,108,,,,,,,,,,
70,96,,,,,,,,,,
70,132,,,,,,,,,,
70,90,,,,,,,,,,
70,104,,,,,,,,,,
70,80,,,,,,,,,,
70,82,,,,,,,,,,
70,96,,,,,,,,,,
70,112,,,,,,,,,,
70,94,,,,,,,,,,
70,128,,,,,,,,,,
70,96,,,,,,,,,,
70,100,,,,,,,,,,
70,80,,,,,,,,,,
70,84,,,,,,,,,,
70,92,,,,,,,,,,
70,112,,,,,,,,,,
70,96,,,,,,,,,,
70,120,,,,,,,,,,
70,100,,,,,,,,,,
70,104,,,,,,,,,,
70,80,,,,,,,,,,
70,84,,,,,,,,,,
70,96,,,,,,,,,,
70,108,,,,,,,,,,
70,94,,,,,,,,,,
70,136,,,,,,,,,,
70,96,,,,,,,,,,
70,96,,,,,,,,,,
70,76,,,,,,,,,,
70,84,,,,,,,,,,
70,90,,,,,,,,,,
70,112,,,,,,,,,,
70,94,,,,,,,,,,
70,112,,,,,,,,,,
70,90,,,,,,,,,,
70,100,,,,,,,,,,
70,80,,,,,,,,,,
70,84,,,,,,,,,,
70,92,,,,,,,,,,
70,112,,,,,,,,,,
70,94,,,,,,,,,,
70,124,,,,,,,,,,
70,96,,,,,,,,,,
70,92,,,,,,,,,,
70,76,,,,,,,,,,
70,84,,,,,,,,,,
70,92,,,,,,,,,,
70,104,,,,,,,,,,
70,96,,,,,,,,,,
70,132,,,,,,,,,,
70,98,,,,,,,,,,
70,100,,,,,,,,,,
62,48,,,,,,,,,,
62,56,,,,,,,,,,
62,88,,,,,,,,,,
62,47,,,,,,,,,,
62,56,,,,,,,,,,
62,85,,,,,,,,,,
62,48,,,,,,,,,,
62,56,,,,,,,,,,
62,94,,,,,,,,,,
62,45,,,,,,,,,,
62,58,,,,,,,,,,
62,88,,,,,,,,,,
62,47,,,,,,,,,,
62,56,,,,,,,,,,
62,85,,,,,,,,,,
62,48,,,,,,,,,,
62,56,,,,,,,,,,
62,90,,,,,,,,,,
62,48,,,,,,,,,,
62,54,,,,,,,,,,
62,96,,,,,,,,,,
62,48,,,,,,,,,,
62,56,,,,,,,,,,
62,90,,,,,,,,,,
62,50,,,,,,,,,,
62,56,,,,,,,,,,
62,100,,,,,,,,,,
62,47,,,,,,,,,,
62,58,,,,,,,,,,
62,88,,,,,,,,,,
62,48,,,,,,,,,,
62,56,,,,,,,,,,
62,88,,,,,,,,,,
62,47,,,,,,,,,,
62,58,,,,,,,,,,
62,88,,,,,,,,,,
62,47,,,,,,,,,,
62,56,,,,,,,,,,
62,86,,,,,,,,,,
62,48,,,,,,,,,,
62,56,,,,,,,,,,
62,88,,,,,,,,,,
74,74,,,,,,,,,,
74,92,,,,,,,,,,
74,80,,,,,,,,,,
74,100,,,,,,,,,,
74,82,,,,,,,,,,
74,92,,,,,,,,,,
80,68,,,,,,,,,,
80,68,,,,,,,,,,
80,69,,,,,,,,,,
80,70,,,,,,,,,,
80,69,,,,,,,,,,
80,73,,,,,,,,,,
80,69,,,,,,,,,,
80,69,,,,,,,,,,
80,68,,,,,,,,,,
80,69,,,,,,,,,,
80,68,,,,,,,,,,
80,69,,,,,,,,,,
80,71,,,,,,,,,,
80,69,,,,,,,,,,
80,73,,,,,,,,,,
80,68,,,,,,,,,,
80,68,,,,,,,,,,
80,68,,,,,,,,,,
80,68,,,,,,,,,,
80,69,,,,,,,,,,
80,69,,,,,,,,,,
80,70,,,,,,,,,,
80,70,,,,,,,,,,
80,73,,,,,,,,,,
80,69,,,,,,,,,,
80,68,,,,,,,,,,
80,68,,,,,,,,,,
80,68,,,,,,,,,,
80,69,,,,,,,,,,
80,70,,,,,,,,,,
80,70,,,,,,,,,,
80,69,,,,,,,,,,
80,74,,,,,,,,,,
80,69,,,,,,,,,,
80,68,,,,,,,,,,
80,68,,,,,,,,,,
80,69,,,,,,,,,,
80,69,,,,,,,,,,
80,70,,,,,,,,,,
80,71,,,,,,,,,,
80,69,,,,,,,,,,
80,73,,,,,,,,,,
80,69,,,,,,,,,,
80,68,,,,,,,,,,
80,68,,,,,,,,,,
80,68,,,,,,,,,,
80,70,,,,,,,,,,
80,70,,,,,,,,,,
80,70,,,,,,,,,,
80,69,,,,,,,,,,
80,73,,,,,,,,,,
80,69,,,,,,,,,,
80,68,,,,,,,,,,
80,69,,,,,,,,,,
80,68,,,,,,,,,,
80,69,,,,,,,,,,
80,69,,,,,,,,,,
80,70,,,,,,,,,,
80,69,,,,,,,,,,
80,72,,,,,,,,,,
80,69,,,,,,,,,,
80,69,,,,,,,,,,
80,69,,,,,,,,,,
56,72,,,,,,,,,,
56,68,,,,,,,,,,
56,120,,,,,,,,,,
56,100,,,,,,,,,,
56,88,,,,,,,,,,
56,108,,,,,,,,,,
56,92,,,,,,,,,,
56,76,,,,,,,,,,
56,68,,,,,,,,,,
56,64,,,,,,,,,,
56,64,,,,,,,,,,
56,76,,,,,,,,,,
56,120,,,,,,,,,,
56,84,,,,,,,,,,
56,76,,,,,,,,,,
56,112,,,,,,,,,,
56,92,,,,,,,,,,
56,76,,,,,,,,,,
56,84,,,,,,,,,,
56,68,,,,,,,,,,
56,68,,,,,,,,,,
56,72,,,,,,,,,,
56,124,,,,,,,,,,
56,80,,,,,,,,,,
56,76,,,,,,,,,,
56,104,,,,,,,,,,
56,88,,,,,,,,,,
56,76,,,,,,,,,,
56,84,,,,,,,,,,
56,72,,,,,,,,,,
56,68,,,,,,,,,,
56,72,,,,,,,,,,
56,128,,,,,,,,,,
56,92,,,,,,,,,,
56,84,,,,,,,,,,
56,108,,,,,,,,,,
56,96,,,,,,,,,,
56,80,,,,,,,,,,
56,88,,,,,,,,,,
56,72,,,,,,,,,,
56,72,,,,,,,,,,
56,76,,,,,,,,,,
56,120,,,,,,,,,,
56,92,,,,,,,,,,
56,80,,,,,,,,,,
56,108,,,,,,,,,,
56,92,,,,,,,,,,
56,76,,,,,,,,,,
56,80,,,,,,,,,,
56,72,,,,,,,,,,
64,52,,,,,,,,,,
64,78,,,,,,,,,,
64,72,,,,,,,,,,
64,72,,,,,,,,,,
64,74,,,,,,,,,,
64,72,,,,,,,,,,
64,60,,,,,,,,,,
64,96,,,,,,,,,,
64,82,,,,,,,,,,
64,72,,,,,,,,,,
64,72,,,,,,,,,,
64,74,,,,,,,,,,
64,72,,,,,,,,,,
64,60,,,,,,,,,,
64,95,,,,,,,,,,
64,80,,,,,,,,,,
64,72,,,,,,,,,,
64,72,,,,,,,,,,
64,74,,,,,,,,,,
64,72,,,,,,,,,,
64,60,,,,,,,,,,
64,95,,,,,,,,,,
64,82,,,,,,,,,,
64,72,,,,,,,,,,
64,72,,,,,,,,,,
64,74,,,,,,,,,,
64,72,,,,,,,,,,
64,60,,,,,,,,,,
64,77,,,,,,,,,,
64,76,,,,,,,,,,
64,72,,,,,,,,,,
64,72,,,,,,,,,,
64,74,,,,,,,,,,
64,72,,,,,,,,,,
64,52,,,,,,,,,,
64,77,,,,,,,,,,
64,74,,,,,,,,,,
64,72,,,,,,,,,,
64,72,,,,,,,,,,
64,76,,,,,,,,,,
64,72,,,,,,,,,,
64,60,,,,,,,,,,
64,77,,,,,,,,,,
64,80,,,,,,,,,,
64,76,,,,,,,,,,
64,70,,,,,,,,,,
64,80,,,,,,,,,,
64,76,,,,,,,,,,
64,72,,,,,,,,,,
71,64,,,,,,,,,,
71,68,,,,,,,,,,
71,68,,,,,,,,,,
71,66,,,,,,,,,,
71,68,,,,,,,,,,
71,68,,,,,,,,,,
71,72,,,,,,,,,,
71,66,,,,,,,,,,
71,68,,,,,,,,,,
71,72,,,,,,,,,,
71,64,,,,,,,,,,
71,64,,,,,,,,,,
71,66,,,,,,,,,,
71,66,,,,,,,,,,
71,68,,,,,,,,,,
71,68,,,,,,,,,,
71,72,,,,,,,,,,
71,68,,,,,,,,,,
71,66,,,,,,,,,,
71,72,,,,,,,,,,
71,64,,,,,,,,,,
71,64,,,,,,,,,,
71,66,,,,,,,,,,
71,66,,,,,,,,,,
71,68,,,,,,,,,,
71,68,,,,,,,,,,
71,72,,,,,,,,,,
71,68,,,,,,,,,,
71,66,,,,,,,,,,
71,72,,,,,,,,,,
71,64,,,,,,,,,,
71,64,,,,,,,,,,
71,66,,,,,,,,,,
71,66,,,,,,,,,,
71,68,,,,,,,,,,
71,68,,,,,,,,,,
71,72,,,,,,,,,,
71,68,,,,,,,,,,
71,66,,,,,,,,,,
71,72,,,,,,,,,,
71,64,,,,,,,,,,
71,64,,,,,,,,,,
71,66,,,,,,,,,,
71,66,,,,,,,,,,
71,68,,,,,,,,,,
71,68,,,,,,,,,,
71,72,,,,,,,,,,
71,68,,,,,,,,,,
71,66,,,,,,,,,,
71,72,,,,,,,,,,
71,64,,,,,,,,,,
71,64,,,,,,,,,,
71,66,,,,,,,,,,
71,66,,,,,,,,,,
71,68,,,,,,,,,,
71,68,,,,,,,,,,
71,72,,,,,,,,,,
71,68,,,,,,,,,,
71,66,,,,,,,,,,
71,72,,,,,,,,,,
71,64,,,,,,,,,,
71,64,,,,,,,,,,
71,66,,,,,,,,,,
71,66,,,,,,,,,,
71,68,,,,,,,,,,
71,68,,,,,,,,,,
71,72,,,,,,,,,,
71,68,,,,,,,,,,
71,66,,,,,,,,,,
71,72,,,,,,,,,,
76,64,,,,,,,,,,
76,66,,,,,,,,,,
76,69,,,,,,,,,,
76,71,,,,,,,,,,
76,83,,,,,,,,,,
76,64,,,,,,,,,,
76,62,,,,,,,,,,
76,65,,,,,,,,,,
76,66,,,,,,,,,,
76,70,,,,,,,,,,
76,69,,,,,,,,,,
76,62,,,,,,,,,,
76,60,,,,,,,,,,
76,62,,,,,,,,,,
76,67,,,,,,,,,,
76,71,,,,,,,,,,
76,71,,,,,,,,,,
76,67,,,,,,,,,,
76,63,,,,,,,,,,
76,65,,,,,,,,,,
76,69,,,,,,,,,,
76,68,,,,,,,,,,
76,71,,,,,,,,,,
76,61,,,,,,,,,,
62,68,,,,,,,,,,
62,72,,,,,,,,,,
62,76,,,,,,,,,,
62,100,,,,,,,,,,
62,76,,,,,,,,,,
62,66,,,,,,,,,,
62,70,,,,,,,,,,
62,88,,,,,,,,,,
62,76,,,,,,,,,,
62,84,,,,,,,,,,
62,68,,,,,,,,,,
62,70,,,,,,,,,,
62,76,,,,,,,,,,
62,82,,,,,,,,,,
62,78,,,,,,,,,,
62,72,,,,,,,,,,
56,70,,,,,,,,,,
62,66,,,,,,,,,,
68,60,,,,,,,,,,
58,72,,,,,,,,,,
72,70,,,,,,,,,,
56,72,,,,,,,,,,
62,54,,,,,,,,,,
68,58,,,,,,,,,,
58,64,,,,,,,,,,
72,70,,,,,,,,,,
56,68,,,,,,,,,,
62,72,,,,,,,,,,
68,76,,,,,,,,,,
58,84,,,,,,,,,,
72,92,,,,,,,,,,
56,54,,,,,,,,,,
62,64,,,,,,,,,,
68,52,,,,,,,,,,
58,70,,,,,,,,,,
72,94,,,,,,,,,,
56,56,,,,,,,,,,
62,50,,,,,,,,,,
68,64,,,,,,,,,,
58,74,,,,,,,,,,
72,84,,,,,,,,,,
56,60,,,,,,,,,,
62,56,,,,,,,,,,
68,56,,,,,,,,,,
58,72,,,,,,,,,,
72,82,,,,,,,,,,
56,62,,,,,,,,,,
62,66,,,,,,,,,,
68,68,,,,,,,,,,
58,66,,,,,,,,,,
72,82,,,,,,,,,,
56,104,,,,,,,,,,
62,114,,,,,,,,,,
68,88,,,,,,,,,,
58,100,,,,,,,,,,
72,92,,,,,,,,,,
56,110,,,,,,,,,,
62,98,,,,,,,,,,
68,104,,,,,,,,,,
58,104,,,,,,,,,,
72,110,,,,,,,,,,
56,105,,,,,,,,,,
62,98,,,,,,,,,,
68,98,,,,,,,,,,
58,102,,,,,,,,,,
72,108,,,,,,,,,,
56,112,,,,,,,,,,
62,112,,,,,,,,,,
68,110,,,,,,,,,,
58,100,,,,,,,,,,
72,110,,,,,,,,,,
56,120,,,,,,,,,,
62,114,,,,,,,,,,
68,94,,,,,,,,,,
58,110,,,,,,,,,,
72,97,,,,,,,,,,
56,98,,,,,,,,,,
62,100,,,,,,,,,,
68,115,,,,,,,,,,
58,96,,,,,,,,,,
72,110,,,,,,,,,,
56,106,,,,,,,,,,
62,106,,,,,,,,,,
68,106,,,,,,,,,,
58,110,,,,,,,,,,
72,112,,,,,,,,,,
56,110,,,,,,,,,,
62,110,,,,,,,,,,
68,98,,,,,,,,,,
58,102,,,,,,,,,,
72,110,,,,,,,,,,
56,106,,,,,,,,,,
62,106,,,,,,,,,,
68,106,,,,,,,,,,
58,115,,,,,,,,,,
72,98,,,,,,,,,,
56,104,,,,,,,,,,
62,114,,,,,,,,,,
68,98,,,,,,,,,,
58,100,,,,,,,,,,
72,92,,,,,,,,,,
56,112,,,,,,,,,,
62,112,,,,,,,,,,
68,110,,,,,,,,,,
58,100,,,,,,,,,,
72,110,,,,,,,,,,
56,104,,,,,,,,,,
62,100,,,,,,,,,,
68,106,,,,,,,,,,
58,96,,,,,,,,,,
72,115,,,,,,,,,,
56,120,,,,,,,,,,
62,114,,,,,,,,,,
68,98,,,,,,,,,,
58,110,,,,,,,,,,
72,108,,,,,,,,,,
56,110,,,,,,,,,,
62,105,,,,,,,,,,
68,108,,,,,,,,,,
58,114,,,,,,,,,,
72,110,,,,,,,,,,
56,94,,,,,,,,,,
62,100,,,,,,,,,,
68,106,,,,,,,,,,
58,120,,,,,,,,,,
72,110,,,,,,,,,,
56,110,,,,,,,,,,
62,104,,,,,,,,,,
68,98,,,,,,,,,,
58,102,,,,,,,,,,
72,108,,,,,,,,,,
56,122,,,,,,,,,,
62,112,,,,,,,,,,
68,98,,,,,,,,,,
58,100,,,,,,,,,,
72,110,,,,,,,,,,
56,102,,,,,,,,,,
62,114,,,,,,,,,,
68,115,,,,,,,,,,
58,100,,,,,,,,,,
72,92,,,,,,,,,,
56,104,,,,,,,,,,
62,106,,,,,,,,,,
68,106,,,,,,,,,,
58,104,,,,,,,,,,
72,118,,,,,,,,,,
56,120,,,,,,,,,,
62,114,,,,,,,,,,
68,104,,,,,,,,,,
58,110,,,,,,,,,,
72,104,,,,,,,,,,
56,110,,,,,,,,,,
62,98,,,,,,,,,,
68,104,,,,,,,,,,
58,104,,,,,,,,,,
72,115,,,,,,,,,,
55,60,,,,,,,,,,
55,76,,,,,,,,,,
55,80,,,,,,,,,,
55,68,,,,,,,,,,
55,64,,,,,,,,,,
55,60,,,,,,,,,,
55,60,,,,,,,,,,
55,64,,,,,,,,,,
55,56,,,,,,,,,,
55,72,,,,,,,,,,
55,80,,,,,,,,,,
55,72,,,,,,,,,,
55,68,,,,,,,,,,
55,64,,,,,,,,,,
55,64,,,,,,,,,,
55,60,,,,,,,,,,
55,68,,,,,,,,,,
55,72,,,,,,,,,,
55,72,,,,,,,,,,
55,68,,,,,,,,,,
55,60,,,,,,,,,,
55,60,,,,,,,,,,
55,64,,,,,,,,,,
55,60,,,,,,,,,,
55,56,,,,,,,,,,
55,72,,,,,,,,,,
55,72,,,,,,,,,,
55,60,,,,,,,,,,
55,56,,,,,,,,,,
55,60,,,,,,,,,,
55,44,,,,,,,,,,
55,80,,,,,,,,,,
55,52,,,,,,,,,,
55,60,,,,,,,,,,
55,64,,,,,,,,,,
72,60,,,,,,,,,,
72,64,,,,,,,,,,
72,80,,,,,,,,,,
72,60,,,,,,,,,,
72,60,,,,,,,,,,
72,56,,,,,,,,,,
72,60,,,,,,,,,,
72,88,,,,,,,,,,
72,60,,,,,,,,,,
72,60,,,,,,,,,,
72,56,,,,,,,,,,
72,60,,,,,,,,,,
72,88,,,,,,,,,,
72,64,,,,,,,,,,
72,60,,,,,,,,,,
65,72,,,,,,,,,,
65,108,,,,,,,,,,
65,76,,,,,,,,,,
65,72,,,,,,,,,,
65,68,,,,,,,,,,
65,104,,,,,,,,,,
65,76,,,,,,,,,,
65,72,,,,,,,,,,
65,72,,,,,,,,,,
65,112,,,,,,,,,,
65,72,,,,,,,,,,
65,72,,,,,,,,,,
69,72,,,,,,,,,,
69,74,,,,,,,,,,
69,107,,,,,,,,,,
69,77,,,,,,,,,,
69,67,,,,,,,,,,
69,70,,,,,,,,,,
69,64,,,,,,,,,,
69,82,,,,,,,,,,
69,80,,,,,,,,,,
69,71,,,,,,,,,,
69,66,,,,,,,,,,
69,68,,,,,,,,,,
69,71,,,,,,,,,,
69,85,,,,,,,,,,
69,80,,,,,,,,,,
69,79,,,,,,,,,,
69,78,,,,,,,,,,
69,80,,,,,,,,,,
69,63,,,,,,,,,,
69,91,,,,,,,,,,
69,80,,,,,,,,,,
69,76,,,,,,,,,,
69,73,,,,,,,,,,
69,71,,,,,,,,,,
69,70,,,,,,,,,,
69,80,,,,,,,,,,
69,100,,,,,,,,,,
69,81,,,,,,,,,,
69,70,,,,,,,,,,
69,76,,,,,,,,,,
69,71,,,,,,,,,,
69,80,,,,,,,,,,
69,85,,,,,,,,,,
69,91,,,,,,,,,,
69,74,,,,,,,,,,
69,78,,,,,,,,,,
69,70,,,,,,,,,,
71,73,,,,,,,,,,
71,88,,,,,,,,,,
71,83,,,,,,,,,,
71,75,,,,,,,,,,
71,80,,,,,,,,,,
71,70,,,,,,,,,,
71,65,,,,,,,,,,
71,81,,,,,,,,,,
71,86,,,,,,,,,,
71,81,,,,,,,,,,
71,81,,,,,,,,,,
71,78,,,,,,,,,,
71,65,,,,,,,,,,
71,73,,,,,,,,,,
71,90,,,,,,,,,,
71,73,,,,,,,,,,
71,65,,,,,,,,,,
71,65,,,,,,,,,,
71,65,,,,,,,,,,
71,73,,,,,,,,,,
71,76,,,,,,,,,,
71,76,,,,,,,,,,
71,73,,,,,,,,,,
71,70,,,,,,,,,,
71,71,,,,,,,,,,
71,75,,,,,,,,,,
71,78,,,,,,,,,,
71,81,,,,,,,,,,
71,70,,,,,,,,,,
71,71,,,,,,,,,,
71,70,,,,,,,,,,
71,75,,,,,,,,,,
71,78,,,,,,,,,,
71,96,,,,,,,,,,
71,75,,,,,,,,,,
71,73,,,,,,,,,,
71,70,,,,,,,,,,
73,56,,,,,,,,,,
73,56,,,,,,,,,,
73,84,,,,,,,,,,
73,92,,,,,,,,,,
58,64,,,,,,,,,,
58,64,,,,,,,,,,
58,76,,,,,,,,,,
58,76,,,,,,,,,,
85,75,,,,,,,,,,
85,75,,,,,,,,,,
85,76,,,,,,,,,,
85,77,,,,,,,,,,
85,76,,,,,,,,,,
85,76,,,,,,,,,,
85,74,,,,,,,,,,
85,76,,,,,,,,,,
85,75,,,,,,,,,,
85,78,,,,,,,,,,
85,77,,,,,,,,,,
85,75,,,,,,,,,,
85,76,,,,,,,,,,
85,73,,,,,,,,,,
85,74,,,,,,,,,,
85,77,,,,,,,,,,
85,76,,,,,,,,,,
85,75,,,,,,,,,,
85,78,,,,,,,,,,
85,78,,,,,,,,,,
85,75,,,,,,,,,,
85,75,,,,,,,,,,
85,74,,,,,,,,,,
85,77,,,,,,,,,,
85,76,,,,,,,,,,
85,78,,,,,,,,,,
85,76,,,,,,,,,,
85,76,,,,,,,,,,
85,73,,,,,,,,,,
85,73,,,,,,,,,,
85,74,,,,,,,,,,
85,73,,,,,,,,,,
85,77,,,,,,,,,,
85,75,,,,,,,,,,
85,74,,,,,,,,,,
85,76,,,,,,,,,,
85,74,,,,,,,,,,
85,77,,,,,,,,,,
85,76,,,,,,,,,,
85,75,,,,,,,,,,
85,74,,,,,,,,,,
85,78,,,,,,,,,,
85,74,,,,,,,,,,
85,76,,,,,,,,,,
85,75,,,,,,,,,,
85,76,,,,,,,,,,
85,75,,,,,,,,,,
85,77,,,,,,,,,,
85,75,,,,,,,,,,
74,72,,,,,,,,,,
74,88,,,,,,,,,,
74,108,,,,,,,,,,
74,100,,,,,,,,,,
74,84,,,,,,,,,,
74,96,,,,,,,,,,
74,104,,,,,,,,,,
74,72,,,,,,,,,,
74,88,,,,,,,,,,
74,80,,,,,,,,,,
74,64,,,,,,,,,,
74,76,,,,,,,,,,
74,108,,,,,,,,,,
74,88,,,,,,,,,,
74,96,,,,,,,,,,
74,92,,,,,,,,,,
74,104,,,,,,,,,,
74,88,,,,,,,,,,
74,96,,,,,,,,,,
74,72,,,,,,,,,,
74,64,,,,,,,,,,
74,96,,,,,,,,,,
74,108,,,,,,,,,,
74,76,,,,,,,,,,
74,96,,,,,,,,,,
74,104,,,,,,,,,,
74,84,,,,,,,,,,
74,80,,,,,,,,,,
74,96,,,,,,,,,,
74,76,,,,,,,,,,
74,76,,,,,,,,,,
74,88,,,,,,,,,,
74,104,,,,,,,,,,
74,96,,,,,,,,,,
74,92,,,,,,,,,,
74,96,,,,,,,,,,
74,76,,,,,,,,,,
74,88,,,,,,,,,,
74,68,,,,,,,,,,
74,80,,,,,,,,,,
74,72,,,,,,,,,,
74,88,,,,,,,,,,
74,116,,,,,,,,,,
74,92,,,,,,,,,,
74,100,,,,,,,,,,
74,100,,,,,,,,,,
74,92,,,,,,,,,,
74,112,,,,,,,,,,
74,84,,,,,,,,,,
74,76,,,,,,,,,,
80,72,,,,,,,,,,
80,73,,,,,,,,,,
80,73,,,,,,,,,,
80,73,,,,,,,,,,
80,74,,,,,,,,,,
80,74,,,,,,,,,,
80,72,,,,,,,,,,
80,71,,,,,,,,,,
80,72,,,,,,,,,,
80,73,,,,,,,,,,
80,73,,,,,,,,,,
80,71,,,,,,,,,,
80,75,,,,,,,,,,
80,72,,,,,,,,,,
80,72,,,,,,,,,,
80,73,,,,,,,,,,
80,73,,,,,,,,,,
80,73,,,,,,,,,,
80,71,,,,,,,,,,
80,75,,,,,,,,,,
80,72,,,,,,,,,,
80,72,,,,,,,,,,
80,72,,,,,,,,,,
80,73,,,,,,,,,,
80,73,,,,,,,,,,
80,73,,,,,,,,,,
80,72,,,,,,,,,,
80,75,,,,,,,,,,
80,73,,,,,,,,,,
80,72,,,,,,,,,,
80,72,,,,,,,,,,
80,72,,,,,,,,,,
80,72,,,,,,,,,,
80,72,,,,,,,,,,
80,72,,,,,,,,,,
80,75,,,,,,,,,,
80,73,,,,,,,,,,
80,72,,,,,,,,,,
80,72,,,,,,,,,,
80,72,,,,,,,,,,
80,73,,,,,,,,,,
80,73,,,,,,,,,,
80,72,,,,,,,,,,
80,75,,,,,,,,,,
80,74,,,,,,,,,,
80,72,,,,,,,,,,
80,72,,,,,,,,,,
80,72,,,,,,,,,,
80,72,,,,,,,,,,
80,74,,,,,,,,,,
80,73,,,,,,,,,,
80,74,,,,,,,,,,
80,74,,,,,,,,,,
80,72,,,,,,,,,,
80,71,,,,,,,,,,
70,76,,,,,,,,,,
70,82,,,,,,,,,,
70,90,,,,,,,,,,
70,104,,,,,,,,,,
70,100,,,,,,,,,,
70,128,,,,,,,,,,
70,96,,,,,,,,,,
70,108,,,,,,,,,,
70,80,,,,,,,,,,
70,82,,,,,,,,,,
70,92,,,,,,,,,,
70,108,,,,,,,,,,
70,96,,,,,,,,,,
70,136,,,,,,,,,,
70,92,,,,,,,,,,
70,112,,,,,,,,,,
70,76,,,,,,,,,,
70,82,,,,,,,,,,
70,96,,,,,,,,,,
70,108,,,,,,,,,,
70,94,,,,,,,,,,
70,112,,,,,,,,,,
70,98,,,,,,,,,,
70,92,,,,,,,,,,
70,80,,,,,,,,,,
70,84,,,,,,,,,,
70,90,,,,,,,,,,
70,104,,,,,,,,,,
70,92,,,,,,,,,,
70,132,,,,,,,,,,
70,92,,,,,,,,,,
70,96,,,,,,,,,,
70,76,,,,,,,,,,
70,82,,,,,,,,,,
70,92,,,,,,,,,,
70,108,,,,,,,,,,
70,92,,,,,,,,,,
70,124,,,,,,,,,,
70,90,,,,,,,,,,
70,100,,,,,,,,,,
70,76,,,,,,,,,,
70,82,,,,,,,,,,
70,90,,,,,,,,,,
70,108,,,,,,,,,,
70,92,,,,,,,,,,
70,100,,,,,,,,,,
70,92,,,,,,,,,,
70,112,,,,,,,,,,
70,76,,,,,,,,,,
70,82,,,,,,,,,,
70,90,,,,,,,,,,
70,108,,,,,,,,,,
70,94,,,,,,,,,,
70,104,,,,,,,,,,
70,92,,,,,,,,,,
70,104,,,,,,,,,,
76,66,,,,,,,,,,
76,64,,,,,,,,,,
76,67,,,,,,,,,,
76,69,,,,,,,,,,
76,61,,,,,,,,,,
76,64,,,,,,,,,,
76,66,,,,,,,,,,
76,65,,,,,,,,,,
76,67,,,,,,,,,,
76,65,,,,,,,,,,
76,62,,,,,,,,,,
76,65,,,,,,,,,,
76,70,,,,,,,,,,
76,68,,,,,,,,,,
76,68,,,,,,,,,,
76,75,,,,,,,,,,
76,62,,,,,,,,,,
76,65,,,,,,,,,,
76,68,,,,,,,,,,
76,73,,,,,,,,,,
76,68,,,,,,,,,,
76,72,,,,,,,,,,
76,63,,,,,,,,,,
64,52,,,,,,,,,,
64,78,,,,,,,,,,
64,72,,,,,,,,,,
64,72,,,,,,,,,,
64,74,,,,,,,,,,
64,70,,,,,,,,,,
64,52,,,,,,,,,,
64,96,,,,,,,,,,
64,84,,,,,,,,,,
64,72,,,,,,,,,,
64,72,,,,,,,,,,
64,74,,,,,,,,,,
64,70,,,,,,,,,,
64,60,,,,,,,,,,
64,96,,,,,,,,,,
64,84,,,,,,,,,,
64,72,,,,,,,,,,
64,72,,,,,,,,,,
64,74,,,,,,,,,,
64,72,,,,,,,,,,
64,60,,,,,,,,,,
64,95,,,,,,,,,,
64,82,,,,,,,,,,
64,72,,,,,,,,,,
64,72,,,,,,,,,,
64,74,,,,,,,,,,
64,72,,,,,,,,,,
64,60,,,,,,,,,,
64,76,,,,,,,,,,
64,76,,,,,,,,,,
64,72,,,,,,,,,,
64,72,,,,,,,,,,
64,74,,,,,,,,,,
64,72,,,,,,,,,,
64,52,,,,,,,,,,
64,77,,,,,,,,,,
64,74,,,,,,,,,,
64,72,,,,,,,,,,
64,72,,,,,,,,,,
64,76,,,,,,,,,,
64,72,,,,,,,,,,
64,60,,,,,,,,,,
64,77,,,,,,,,,,
64,84,,,,,,,,,,
64,76,,,,,,,,,,
64,70,,,,,,,,,,
64,80,,,,,,,,,,
64,76,,,,,,,,,,
64,72,,,,,,,,,,
56,68,,,,,,,,,,
56,72,,,,,,,,,,
56,120,,,,,,,,,,
56,92,,,,,,,,,,
56,88,,,,,,,,,,
56,116,,,,,,,,,,
56,96,,,,,,,,,,
56,80,,,,,,,,,,
56,92,,,,,,,,,,
56,80,,,,,,,,,,
56,68,,,,,,,,,,
56,76,,,,,,,,,,
56,124,,,,,,,,,,
56,88,,,,,,,,,,
56,92,,,,,,,,,,
56,112,,,,,,,,,,
56,96,,,,,,,,,,
56,72,,,,,,,,,,
56,88,,,,,,,,,,
56,72,,,,,,,,,,
56,64,,,,,,,,,,
56,80,,,,,,,,,,
56,120,,,,,,,,,,
56,84,,,,,,,,,,
56,88,,,,,,,,,,
56,104,,,,,,,,,,
56,88,,,,,,,,,,
56,76,,,,,,,,,,
56,88,,,,,,,,,,
56,72,,,,,,,,,,
56,64,,,,,,,,,,
56,72,,,,,,,,,,
56,112,,,,,,,,,,
56,92,,,,,,,,,,
56,84,,,,,,,,,,
56,100,,,,,,,,,,
56,96,,,,,,,,,,
56,80,,,,,,,,,,
56,92,,,,,,,,,,
56,72,,,,,,,,,,
56,68,,,,,,,,,,
56,72,,,,,,,,,,
56,124,,,,,,,,,,
56,92,,,,,,,,,,
56,88,,,,,,,,,,
56,112,,,,,,,,,,
56,92,,,,,,,,,,
56,76,,,,,,,,,,
56,84,,,,,,,,,,
56,72,,,,,,,,,,
49,62,,,,,,,,,,
46,64,,,,,,,,,,
46,72,,,,,,,,,,
49,96,,,,,,,,,,
51,96,,,,,,,,,,
60,84,,,,,,,,,,
49,88,,,,,,,,,,
46,84,,,,,,,,,,
60,72,,,,,,,,,,
46,84,,,,,,,,,,
46,56,,,,,,,,,,
46,68,,,,,,,,,,
46,60,,,,,,,,,,
46,68,,,,,,,,,,
71,62,,,,,,,,,,
71,62,,,,,,,,,,
71,64,,,,,,,,,,
71,68,,,,,,,,,,
71,68,,,,,,,,,,
71,68,,,,,,,,,,
71,72,,,,,,,,,,
71,62,,,,,,,,,,
71,62,,,,,,,,,,
71,74,,,,,,,,,,
71,62,,,,,,,,,,
71,62,,,,,,,,,,
71,64,,,,,,,,,,
71,68,,,,,,,,,,
71,68,,,,,,,,,,
71,68,,,,,,,,,,
71,72,,,,,,,,,,
71,62,,,,,,,,,,
71,62,,,,,,,,,,
71,74,,,,,,,,,,
71,62,,,,,,,,,,
71,62,,,,,,,,,,
71,64,,,,,,,,,,
71,68,,,,,,,,,,
71,68,,,,,,,,,,
71,68,,,,,,,,,,
71,72,,,,,,,,,,
71,62,,,,,,,,,,
71,62,,,,,,,,,,
71,74,,,,,,,,,,
71,62,,,,,,,,,,
71,62,,,,,,,,,,
71,64,,,,,,,,,,
71,68,,,,,,,,,,
71,68,,,,,,,,,,
71,68,,,,,,,,,,
71,72,,,,,,,,,,
71,62,,,,,,,,,,
71,62,,,,,,,,,,
71,74,,,,,,,,,,
71,62,,,,,,,,,,
71,62,,,,,,,,,,
71,64,,,,,,,,,,
71,68,,,,,,,,,,
71,68,,,,,,,,,,
71,68,,,,,,,,,,
71,72,,,,,,,,,,
71,62,,,,,,,,,,
71,62,,,,,,,,,,
71,74,,,,,,,,,,
71,62,,,,,,,,,,
71,62,,,,,,,,,,
71,64,,,,,,,,,,
71,68,,,,,,,,,,
71,68,,,,,,,,,,
71,68,,,,,,,,,,
71,72,,,,,,,,,,
71,62,,,,,,,,,,
71,62,,,,,,,,,,
71,74,,,,,,,,,,
71,62,,,,,,,,,,
71,62,,,,,,,,,,
71,64,,,,,,,,,,
71,68,,,,,,,,,,
71,68,,,,,,,,,,
71,68,,,,,,,,,,
71,72,,,,,,,,,,
71,62,,,,,,,,,,
71,62,,,,,,,,,,
71,74,,,,,,,,,,
56,60,,,,,,,,,,
62,56,,,,,,,,,,
68,56,,,,,,,,,,
58,72,,,,,,,,,,
72,82,,,,,,,,,,
56,62,,,,,,,,,,
62,66,,,,,,,,,,
68,68,,,,,,,,,,
58,66,,,,,,,,,,
72,82,,,,,,,,,,
56,70,,,,,,,,,,
62,66,,,,,,,,,,
68,60,,,,,,,,,,
58,72,,,,,,,,,,
72,70,,,,,,,,,,
56,72,,,,,,,,,,
62,54,,,,,,,,,,
68,58,,,,,,,,,,
58,64,,,,,,,,,,
72,70,,,,,,,,,,
56,68,,,,,,,,,,
62,72,,,,,,,,,,
68,76,,,,,,,,,,
58,84,,,,,,,,,,
72,92,,,,,,,,,,
56,54,,,,,,,,,,
62,64,,,,,,,,,,
68,52,,,,,,,,,,
58,70,,,,,,,,,,
72,94,,,,,,,,,,
56,56,,,,,,,,,,
62,50,,,,,,,,,,
68,64,,,,,,,,,,
58,74,,,,,,,,,,
72,84,,,,,,,,,,
56,120,,,,,,,,,,
62,114,,,,,,,,,,
68,94,,,,,,,,,,
58,110,,,,,,,,,,
72,97,,,,,,,,,,
56,106,,,,,,,,,,
62,106,,,,,,,,,,
68,106,,,,,,,,,,
58,110,,,,,,,,,,
72,112,,,,,,,,,,
56,104,,,,,,,,,,
62,114,,,,,,,,,,
68,88,,,,,,,,,,
58,100,,,,,,,,,,
72,92,,,,,,,,,,
56,110,,,,,,,,,,
62,98,,,,,,,,,,
68,104,,,,,,,,,,
58,104,,,,,,,,,,
72,110,,,,,,,,,,
56,105,,,,,,,,,,
62,98,,,,,,,,,,
68,98,,,,,,,,,,
58,102,,,,,,,,,,
72,108,,,,,,,,,,
56,112,,,,,,,,,,
62,112,,,,,,,,,,
68,110,,,,,,,,,,
58,100,,,,,,,,,,
72,110,,,,,,,,,,
56,104,,,,,,,,,,
62,114,,,,,,,,,,
68,98,,,,,,,,,,
58,100,,,,,,,,,,
72,92,,,,,,,,,,
56,120,,,,,,,,,,
62,114,,,,,,,,,,
68,94,,,,,,,,,,
58,110,,,,,,,,,,
72,97,,,,,,,,,,
56,120,,,,,,,,,,
62,114,,,,,,,,,,
68,98,,,,,,,,,,
58,110,,,,,,,,,,
72,108,,,,,,,,,,
56,110,,,,,,,,,,
62,105,,,,,,,,,,
68,108,,,,,,,,,,
58,114,,,,,,,,,,
72,110,,,,,,,,,,
56,112,,,,,,,,,,
62,118,,,,,,,,,,
68,115,,,,,,,,,,
58,100,,,,,,,,,,
72,110,,,,,,,,,,
56,110,,,,,,,,,,
62,110,,,,,,,,,,
68,98,,,,,,,,,,
58,102,,,,,,,,,,
72,110,,,,,,,,,,
56,106,,,,,,,,,,
62,106,,,,,,,,,,
68,106,,,,,,,,,,
58,115,,,,,,,,,,
72,98,,,,,,,,,,
56,104,,,,,,,,,,
62,100,,,,,,,,,,
68,106,,,,,,,,,,
58,96,,,,,,,,,,
72,115,,,,,,,,,,
56,104,,,,,,,,,,
62,114,,,,,,,,,,
68,98,,,,,,,,,,
58,100,,,,,,,,,,
72,92,,,,,,,,,,
56,104,,,,,,,,,,
62,106,,,,,,,,,,
68,106,,,,,,,,,,
58,104,,,,,,,,,,
72,118,,,,,,,,,,
56,120,,,,,,,,,,
62,114,,,,,,,,,,
68,104,,,,,,,,,,
58,110,,,,,,,,,,
72,104,,,,,,,,,,
56,110,,,,,,,,,,
62,98,,,,,,,,,,
68,104,,,,,,,,,,
58,104,,,,,,,,,,
72,115,,,,,,,,,,
56,94,,,,,,,,,,
62,100,,,,,,,,,,
68,106,,,,,,,,,,
58,120,,,,,,,,,,
72,110,,,,,,,,,,
56,110,,,,,,,,,,
62,104,,,,,,,,,,
68,98,,,,,,,,,,
58,102,,,,,,,,,,
72,108,,,,,,,,,,
56,122,,,,,,,,,,
62,112,,,,,,,,,,
68,98,,,,,,,,,,
58,100,,,,,,,,,,
72,110,,,,,,,,,,
56,102,,,,,,,,,,
62,114,,,,,,,,,,
68,115,,,,,,,,,,
58,100,,,,,,,,,,
72,92,,,,,,,,,,
56,104,,,,,,,,,,
62,106,,,,,,,,,,
68,106,,,,,,,,,,
58,104,,,,,,,,,,
72,118,,,,,,,,,,
56,120,,,,,,,,,,
62,114,,,,,,,,,,
68,104,,,,,,,,,,
58,110,,,,,,,,,,
72,104,,,,,,,,,,
56,110,,,,,,,,,,
62,98,,,,,,,,,,
68,104,,,,,,,,,,
58,104,,,,,,,,,,
72,115,,,,,,,,,,
56,94,,,,,,,,,,
62,100,,,,,,,,,,
68,106,,,,,,,,,,
58,120,,,,,,,,,,
72,110,,,,,,,,,,
56,110,,,,,,,,,,
62,104,,,,,,,,,,
68,98,,,,,,,,,,
58,102,,,,,,,,,,
72,108,,,,,,,,,,
56,122,,,,,,,,,,
62,112,,,,,,,,,,
68,98,,,,,,,,,,
58,100,,,,,,,,,,
72,110,,,,,,,,,,
56,102,,,,,,,,,,
62,114,,,,,,,,,,
68,115,,,,,,,,,,
58,100,,,,,,,,,,
72,92,,,,,,,,,,
55,72,,,,,,,,,,
55,80,,,,,,,,,,
55,68,,,,,,,,,,
55,68,,,,,,,,,,
55,64,,,,,,,,,,
55,72,,,,,,,,,,
55,80,,,,,,,,,,
55,84,,,,,,,,,,
55,84,,,,,,,,,,
55,80,,,,,,,,,,
55,68,,,,,,,,,,
55,64,,,,,,,,,,
55,80,,,,,,,,,,
55,72,,,,,,,,,,
55,64,,,,,,,,,,
55,60,,,,,,,,,,
55,76,,,,,,,,,,
55,68,,,,,,,,,,
55,68,,,,,,,,,,
55,60,,,,,,,,,,
55,64,,,,,,,,,,
55,60,,,,,,,,,,
55,68,,,,,,,,,,
55,72,,,,,,,,,,
55,68,,,,,,,,,,
55,60,,,,,,,,,,
55,68,,,,,,,,,,
55,72,,,,,,,,,,
55,68,,,,,,,,,,
55,68,,,,,,,,,,
55,64,,,,,,,,,,
69,67,,,,,,,,,,
69,69,,,,,,,,,,
69,68,,,,,,,,,,
69,68,,,,,,,,,,
69,68,,,,,,,,,,
69,70,,,,,,,,,,
69,67,,,,,,,,,,
69,80,,,,,,,,,,
69,88,,,,,,,,,,
69,76,,,,,,,,,,
69,88,,,,,,,,,,
69,88,,,,,,,,,,
69,88,,,,,,,,,,
69,120,,,,,,,,,,
69,84,,,,,,,,,,
69,92,,,,,,,,,,
69,68,,,,,,,,,,
69,68,,,,,,,,,,
69,68,,,,,,,,,,
69,68,,,,,,,,,,
69,68,,,,,,,,,,
69,72,,,,,,,,,,
69,76,,,,,,,,,,
69,76,,,,,,,,,,
69,87,,,,,,,,,,
69,104,,,,,,,,,,
69,108,,,,,,,,,,
69,74,,,,,,,,,,
